{"status":true,"data":{"slider":[{"slider_title":"Sacred Games","slider_type":"Shows","slider_post_id":4,"slider_image":"http:\/\/127.0.0.1:8000\/upload\/source\/banner-bg1.png"},{"slider_title":"Fast & Furious Presents: Hobbs & Shaw","slider_type":"Movies","slider_post_id":15,"slider_image":"http:\/\/127.0.0.1:8000\/upload\/source\/FFHS3.jpg"},{"slider_title":"War","slider_type":"Movies","slider_post_id":9,"slider_image":"http:\/\/127.0.0.1:8000\/upload\/source\/War15.jpg"},{"slider_title":"House of Cards","slider_type":"Shows","slider_post_id":3,"slider_image":"http:\/\/127.0.0.1:8000\/upload\/source\/ztxq8y.jpg"}]}}